DE-A96;HBZ;FHBAA;Aachen;Hochschulbibliothek der Fachhochschule Aachen
DE-82;HBZ;BTHAC;Aachen;Universitätsbibliothek der RWTH Aachen
DE-944;SWB;FHAA;Aalen;Hochschulbibliothek Aalen
DE-991;SWB;HSASI;Albstadt;Hochschule Albstadt-Sigmaringen / Bibliothek
DE-1046;BVB;FHBAW;Amberg / Weiden;Bibliothek der Ostbayerischen Technischen Hochschule Amberg-Weiden
DE-1102;BVB;FHBAN;Ansbach;Hochschulbibliothek Ansbach
DE-1043;BVB;FHBAB;Aschaffenburg;Bibliothek der Hochschule für angewandte Wissenschaften Aschaffenburg
DE-Aug4;BVB;FHBA;Augsburg;Bibliothek der Hochschule Augsburg
DE-37;BVB;SUSBA;Augsburg;Staats- und Stadtbibliothek Augsburg
DE-384;BVB;UBA;Augsburg;Universitätsbibliothek Augsburg
DE-473;BVB;UBB;Bamberg;Universitätsbibliothek Bamberg
DE-Bn3;SWB;BAKS;Bautzen;Staatliche Studienakademie
DE-703;BVB;UBBAY;Bayreuth;Universitätsbibliothek Bayreuth
DE-B1533;KOBV;ASH;Berlin;Alice Salomon Hochschule Berlin
DE-B4;GBV;BBAW;Berlin;Berlin-Brandenburgische Akademie der Wissenschaften
DE-B768;KOBV;TFHB;Berlin;Beuth Hochschule für Technik Berlin
DE-523;KOBV;HTW;Berlin;Bibliothek der Hochschule für Technik und Wirtschaft Berlin
DE-B479;KOBV;BAB;Berlin;Bibliothek des Bundesarchivs
DE-B1528;KOBV;MFF;Berlin;Deutsche Kinemathek, Museum für Film und Fernsehen, Bibliothek
DE-B554;WGL;DIW;Berlin;Deutsches Institut für Wirtschaftsforschung
DE-B1556;GBV;EHBER;Berlin;Evangelische Hochschule
DE-B2138;GBV;ZMO;Berlin;Geisteswissenschaftliche Zentren Berlin
DE-2070s;KOBV;FHW;Berlin;Hochschule für Wirtschaft und Recht Berlin
DE-11;KOBV;UBHUB;Berlin;Humboldt-Universität zu Berlin, Universitätsbibliothek
DE-204;GBV;IAI;Berlin;Ibero-Amerikanisches Institut
DE-B1532;GBV;MPIBF;Berlin;Max-Planck-Institut für Bildungsforschung
DE-B2226;GBV;MPIWG;Berlin;Max-Planck-Institut für Wissenschaftsgeschichte
DE-1;GBV;SBBPK;Berlin;Staatsbibliothek zu Berlin, Preußischer Kulturbesitz
DE-B1567;BRB;SWP;Berlin;Stiftung Wissenschaft und Politik
DE-188;KOBV;FUB;Berlin;Universitätsbibliothek der Freien Universität Berlin
DE-83;KOBV;TUBB;Berlin;Universitätsbibliothek der TU Berlin
DE-B170;KOBV;UDK;Berlin;Universitätsbibliothek der Universität der Künste
DE-B1543;KOBV;WZB;Berlin;Wissenschaftszentrum Berlin für Sozialforschung
DE-109;KOBV;ZLB;Berlin;Zentral- und Landesbibliothek Berlin
;;;Bern;BFH, Bibliotheken der Berner Fachhochschule
DE-949;SWB;FHBC;Biberach;Bibliothek der Hochschule Biberach
DE-361;HBZ;UBBIE;Bielefeld;Universitätsbibliothek Bielefeld
DE-956;;EFRWL;Bochum;Evangelische Fachhochschule Rheinland-Westfalen-Lippe / Hochschulbibliothek
DE-Bm40;HBZ;FHBO;Bochum;Hochschulbibliothek der Hochschule Bochum
DE-294;HBZ;RUBO;Bochum;Ruhr-Universität Bochum, Universitätsbibliothek
DE-Bo133;;FES;Bonn;Bibliothek der Friedrich-Ebert-Stiftung
DE-1044;HBZ;FHBRS;Bonn;Hochschul- und Kreisbibliothek Bonn-Rhein-Sieg
DE-Bo408;;CAE;Bonn;Stiftung Caesar
DE-5;HBZ;ULBB;Bonn;Universitäts- und Landesbibliothek Bonn
DE-522;KOBV;FHBRB;Brandenburg;Fachhochschule Brandenburg, Hochschulbibliothek
DE-834;GBV;HBKBS;Braunschweig;Bibliothek der Hochschule für Bildende Künste Braunschweig
DE-Bs78;GBV;GEI;Braunschweig;Georg-Eckert-Institut, Leibniz-Institut für Internationale Schulbuchforschung
DE-84;GBV;TUBS;Braunschweig;Universitätsbibliothek Braunschweig
;;;Bregenz;Vorarlberger Landesbibliothek Bregenz
DE-Brt1;SWB;BABRE;Breitenbrunn;Bibliothek der Staatlichen Studienakademie
DE-46;GBV;SUUB;Bremen;Staats- und Universitätsbibliothek Bremen
;;;Buchs;FHO, Bibliotheken der Fachhochschule Ostschweiz
DE-Ch1;SWB;TUCHE;Chemnitz;Universitätsbibliothek Chemnitz
DE-104;GBV;UBCL;Clausthal;Universitätsbibliothek Clausthal
DE-858;BVB;FHBCO;Coburg;Bibliothek der Hochschule Coburg
DE-70;BVB;LBCO;Coburg;Landesbibliothek Coburg
DE-634;KOBV;TUCB;Cottbus;Universitätsbibliothek Cottbus, Senftenberg
DE-17;HeBIS;TUDA;Darmstadt;Universitäts- und Landesbibliothek der TU Darmstadt
DE-Ds114;HeBIS;FHDA;Darmstadt;Bibliothek der Hochschule Darmstadt
DE-1050;BVB;FHDEG;Deggendorf;Bibliothek der Technischen Hochschule Deggendorf
DE-575;HBZ;HMD;Detmold;Hochschule für Musik Detmold
DE-51;HBZ;LLD;Detmold;Lippische Landesbibliothek Detmold
;;;Dornbirn;Fachhochschule Vorarlberg, Dornbirn
DE-Dm13;HBZ;FHBDO;Dortmund;Fachhochschulbibliothek Dortmund
DE-60;Kalliope;STLB;Dortmund;Stadt- und Landesbibliothek Dortmund
DE-290;HBZ;UBDO;Dortmund;Universitätsbibliothek Dortmund
DE-D161;SWB;BADD;Dresden;Berufsakademie Sachsen,  Staatliche Studienakademie Dresden,  Bibliothek
DE-520;SWB;HTWDD;Dresden;Hochschule für Technik und Wirtschaft Dresden, Bibliothek
DE-14;SWB;SLUB;Dresden;Sächsische Landesbibliothek, Staats- und Universitätsbibliothek Dresden
DE-465;HBZ;UGHE;Duisburg-Essen;Universitätsbibliothek Duisburg-Essen
DE-464;HBZ;UBDU;Duisburg-Essen;Universitätsbibliothek Duisburg-Essen,  Campus Duisburg
DE-Due62;HBZ;FHD;Düsseldorf;Hochschulbibliothek der Hochschule Düsseldorf
DE-1972;HBZ;AAA;Düsseldorf;Hochschulbibliothek der Robert Schumann Hochschule
DE-61;HBZ;ULBD;Düsseldorf;Universitäts- und Landesbibliothek Düsseldorf
DE-824;BVB;UBE;Eichstätt;Universitätsbibliothek Eichstätt-Ingolstadt
DE-Ei6;GBV;BBE;Eisenach;Bibliothek der Dualen Hochschule Gera-Eisenach, Campus Eisenach
;;;Eisenstadt;Fachhochschule Burgenland
DE-755;GBV;FHOOW;Emden;Hochschulbibliothek Emden/Leer
DE-546;GBV;FHEF;Erfurt;Bibliothek der Fachhochschule Erfurt
DE-547;GBV;UBERF;Erfurt;Universitäts- und Forschungsbibliothek Erfurt/Gotha
DE-29;BVB;UBEN;Erlangen;Universitätsbibliothek der FAU Erlangen–Nürnberg
DE-753;SWB;HBES;Esslingen;Hochschulbibliothek Esslingen
DE-Fl3;GBV;HDFL;Flensburg;Zentrale Hochschulbibliothek Flensburg
DE-F197;SWB;HSFK;Frankfurt/Main;Hessische Stiftung Friedens- und Konfliktforschung,  Bibliothek
DE-2177;HeBIS;MPIAE;Frankfurt/Main;Max-Planck-Institut für empirische Ästhetik
DE-2768;;DIF;Frankfurt/Main;Deutsches Filminstitut, Bibliothek
DE-2409;;DIPF;Frankfurt/Main;Deutsches Institut für Internationale Pädagogische Forschung
DE-946;HeBIS;FHF;Frankfurt/Main;Bibliothek der Frankfurt University of Applied Sciences
DE-30;HeBIS;UBFM;Frankfurt/Main;Universitätsbibliothek J. C. Senckenberg
DE-521;KOBV;EUV;Frankfurt/Oder;Universitätsbibliothek der Europa-Universität Viadrina Frankfurt/Oder
DE-105;SWB;TUBFR;Freiberg;Universitätsbibliothek Freiberg
DE-Frei119;SWB;ABI;Freiburg;Arnold-Bergstraesser-Institut
DE-Frei129;SWB;PHBFR;Freiburg;Bibliothek der Pädagogischen Hochschule Freiburg
DE-Frei160;SWB;EHF;Freiburg;Evangelische Hochschule Freiburg, Hochschulbibliothek
DE-Frei50;SWB;HMF;Freiburg;Hochschule für Musik Freiburg
DE-25;SWB;UBFRE;Freiburg;Universitätsbibliothek Freiburg
;;;Freiburg/Schweiz;Kantons- und Universitätsbibliothek Freiburg/Schweiz
DE-Brg3;GBV;THHFR;Friedensau;Hochschulbibliothek Friedensau
DE-66;HeBIS;FHFD;Fulda;Hochschul- und Landesbibliothek Fulda
DE-2165;BVB;WLH;Fürth;Wilhelm Löhe Hochschule
DE-Fn1;SWB;FHFU;Furtwangen;Hochschule Furtwangen, Die Bibliotheken
DE-2083;HeBIS;HBG;Geisenheim;Hochschule Geisenheim
DE-1010;HBZ;FHBGE;Gelsenkirchen;Bibliothek der Westfälischen Hochschule Gelsenkirchen Bocholt Recklinghausen
DE-FGa20;GBV;BBG;Gera;Bibliothek der Dualen Hochschule Gera-Eisenach,  Campus Gera
DE-26;HeBIS;UBGIE;Gießen;Bibliothekssystem der Justus-Liebig-Universität Gießen
DE-974;HeBIS;FHGF;Gießen;Technische Hochschule Mittelhessen Hochschulbibliothek
DE-Gla1;SWB;BAG;Glauchau;Bibliothek der Staatlichen Studienakademie
DE-Goe164;GBV;MPIG;Göttingen;Max-Planck-Institut zur Erforschung multireligiöser und multiethnischer Gesellschaften
DE-7;GBV;SUBGO;Göttingen;Niedersächsische Staats- und Universitätsbibliothek Göttingen
;;;Graubünden;Kantonsbibliothek Graubünden
AT-UBG-HB;OBV;UBG;Graz;Karl-Franzens-Universität Graz
AT-UBTUG-HB;OBV;TUBG;Graz;Universitätsbibliothek der Technischen Universität Graz
DE-9;GBV;UBGRW;Greifswald;Universitätsbibliothek Greifswald
DE-Hag4;HBZ;MFHB;Hagen, Iserlohn,  Meschede,  Soest;Fachhochschule Südwestfalen,  Hochschulbibliothek
DE-708;HBZ;FUH;Hagen;Universitätsbibliothek Hagen
DE-Ha125;GBV;KDHAL;Halle (Saale);Bibliothek Burg Giebichenstein Kunsthochschule Halle
DE-2173;GBV;IWH;Halle (Saale);Leibniz-Institut für Wirtschaftsforschung
DE-3;GBV;ULBH;Halle (Saale);Universitäts- und Landesbibliothek Sachsen-Anhalt
DE-1373;GBV;HCUHH;Hamburg;Bibliothek der HafenCity Universität Hamburg
DE-18-26;GBV;HFBK;Hamburg;Bibliothek der Hochschule für bildende Künste
DE-830;GBV;TUHH;Hamburg;Bibliothek der Technischen Universität Hamburg-Harburg
DE-H357;GBV;HIS;Hamburg;Bibliothek des Hamburger Instituts für Sozialforschung
DE-H256;FachInfoUstgBw;FAB;Hamburg;Führungsakademie der Bundeswehr
DE-H221;SWB;GIGA;Hamburg;GIGA German Institute of Global and Area Studies
DE-18-258;GBV;HFMT;Hamburg;Hochschule für Musik und Theater
DE-18-284;GBV;HAWHH;Hamburg;Hochschulinformations- und Bibliotheksservice (HIBS) der HAW-Hamburg
DE-18;GBV;SUBHH;Hamburg;Staats- und Universitätsbibliothek Hamburg und Fachbibliotheken
DE-705;GBV;UBWH;Hamburg;UB der Helmut-Schmidt-Universität Hamburg
DE-206H;GBV;HWWA;Hamburg;ZBW, Deutsche Zentralbibliothek für Wirtschaftswissenschaften, Standort Hamburg
DE-1871;SWB;;Hamm-Lippstadt;Hochschule Hamm-Lippstadt,  Zentrum für Wissensmanagement
DE-996;GBV;HMTMH;Hannover;Bibliothek der Hochschule für Musik,  Theater und Medien Hannover
DE-960-1;GBV;FHH;Hannover;Bibliothek der Hochschule Hannover
DE-960-3;GBV;HMT;Hannover;Bibliothek im Kurt-Schwitters-Forum
DE-35;GBV;GWLB;Hannover;Gottfried Wilhelm Leibniz Bibliothek, Niedersächsische Landesbibliothek
DE-89;GBV;UBTIB;Hannover;Technische Informationsbibliothek / Universitätsbibliothek Hannover
DE-1041;GBV;HFW;Heide;Hochschulbibliothek der Fachhochschule Westküste
DE-He76;SWB;PHHD;Heidelberg;Bibliothek der Pädagogischen Hochschule Heidelberg
DE-16;SWB;UBHE;Heidelberg;Universitätsbibliothek Heidelberg
DE-Hed2;SWB;BAH;Heidenheim;Duale Hochschule Baden-Württemberg Heidenheim Bibliothek
DE-840;SWB;FHHN;Heilbronn;Hochschulbibliothek Heilbronn
DE-Hil2;GBV;UBHI;Hildesheim;Universitätsbibliothek Hildesheim
DE-Hil3;;HAWK;Hildesheim/Holzminden/Göttingen;Bibliothek der Hochschule für angewandte Wissenschaft und Kunst
DE-1051;BVB;FHBHO;Hof;Hochschulbibliothek Hof
DE-1126;HeBIS;EFF;Idstein;Hochschule Fresenius, Idstein
DE-Ilm1;GBV;UBIL;Ilmenau;Universitätsbibliothek Ilmenau
DE-573;BVB;FHBIN;Ingolstadt;Hochschulbibliothek Ingolstadt
AT-UBI-HB;OBV;UBI;Innsbruck;Universitäts- und Landesbibliothek Tirol
DE-J59;GBV;FHJ;Jena;Hochschulbibliothek Ernst-Abbe-Hochschule Jena
DE-27;GBV;THULB;Jena;Thüringer Universitäts- und Landesbibliothek Jena
DE-386;HBZ;UBKL;Kaiserslautern;Universitätsbibliothek Kaiserslautern
DE-31;SWB;BLB;Karlsruhe;Badische Landesbibliothek Karlsruhe
DE-90-8;SWB;DHBW;Karlsruhe;Duale Hochschule Baden-Württemberg Karlsruhe,  Bibliothek
DE-90-4;SWB;FBHKA;Karlsruhe;Fachbibliothek Hochschule Karlsruhe
DE-751;SWB;HSBKA;Karlsruhe;Hochschulbibliothek Karlsruhe (PH)
DE-90;SWB;KIT;Karlsruhe;Karlsruher Institut für Technologie KIT
DE-Ka88;SWB;ZKM;Karlsruhe;Zentrum für Kunst und Medien Karlsruhe / Staatliche Hochschule für Gestaltung,  Bibliothek
DE-34;HeBIS;UBKAS;Kassel;Universitätsbibliothek Kassel
DE-859;BVB;FHBKA;Kempten;Hochschulbibliothek Kempten
DE-8;GBV;UBK;Kiel;Universitätsbibliothek Kiel
DE-206;GBV;ZBW;Kiel;ZBW, Deutsche Zentralbibliothek für Wirtschaftswissenschaften, Standort Kiel
DE-Ki95;GBV;FHKI;Kiel;Zentralbibliothek der Fachhochschule Kiel
;;;Klagenfurt;Fachhochschulbibliothek Kärnten
AT-UBK-HB;OBV;UBKLU;Klagenfurt;Universitätsbibliothek Klagenfurt
DE-1383;HBZ;HRW;Kleve;Hochschule Rhein-Waal
;;;Klosterneuburg;Institute of Science and Technology Austria
DE-107;HBZ;PLB;Koblenz;Landesbibliothekszentrum Rheinland-Pfalz
DE-Lan1;HBZ;;Koblenz-Landau;Universitätsbibliothek Koblenz-Landau
DE-832;HBZ;FHBK;Köln;Hochschulbibliothek der Fachhochschule Köln
DE-1032;HBZ;KHN;Köln;Katholische Hochschule Nordrhein-Westfalen – Hochschulbibliothek
DE-Kn185;;KFM;Köln;Kunsthochschule für Medien,  Bibliothek/Mediathek
DE-Kn188;;MPIFG;Köln;Max-Planck-Institut für Gesellschaftsforschung
DE-38;HBZ;USBK;Köln;Universitäts- und Stadtbibliothek Köln
DE-Kn41;HBZ;ZBSK;Köln;Zentralbibliothek der Sportwissenschaften der Deutschen Sporthochschule Köln
DE-587c;SWB;ZUMA;Köln/Mannheim;GESIS, Leibniz-Institut für Sozialwissenschaften
DE-Kon4;SWB;FHKN;Konstanz;Hochschulbibliothek der Hochschule Technik, Wirtschaft und Gestaltung Konstanz
DE-352;SWB;UBKO;Konstanz;Universität Konstanz, Kommunikations-,  Informations-,  Medienzentrum (KIM)
DE-Kt1;GBV;HSB;Köthen;Hochschule Anhalt
;;;Krems;Donau-Universität Krems
;;;Kreuzlingen;Bibliothek der Pädagogischen Hochschule Thurgau,  Kreuzlingen
;;;Kufstein;Bibliothek der FH Kufstein Tirol
DE-860;BVB;FHBLA;Landshut;Bibliothek der FH Landshut
DE-L152;SWB;HMTL;Leipzig;Bibliothek der Hochschule für Musik und Theater Leipzig
DE-L229;SWB;SSAL;Leipzig;Bibliothek Staatliche Studienakademie Leipzig
DE-L97;SWB;UFZ;Leipzig;Helmholtz-Zentrum für Umweltforschung GmbH, UFZ
DE-L189;SWB;HTWK;Leipzig;Hochschulbibliothek der HTWK Leipzig
DE-185;SWB;GZB;Leipzig;Leibniz-Institut für Länderkunde
DE-15;SWB;UBL;Leipzig;Universitätsbibliothek Leipzig
DE-743;HBZ;FHLH;Lemgo;S(KIM), Hochschule Ostwestfalen-Lippe
;OBV;;Linz;Anton-Bruckner-Privatuniversität Bibliothek
AT-HBTL;OBV;;Linz;Diözesan- und Universitätsbibliothek der Katholisch-Theologischen Privatuniversität Linz (DUB)
AT-OÖLB;OBV;;Linz;Oberösterreichische Landesbibliothek
;OBV;;Linz;Universitätsbibliothek der Johannes Kepler Universität Linz
AT-UBGL;OBV;UFG;Linz;Universitätsbibliothek der Kunstuniversität Linz
DE-Loer2;SWB;BALO;Lörrach;DHBW Lörrach
DE-841;GBV;UBHL;Lübeck;Zentrale Hochschulbibliothek Lübeck
DE-1147;SWB;FHLB;Ludwigsburg;Bibliothek der Hochschule für öff. Verwaltung und Finanzen
DE-Lg3;SWB;DFI;Ludwigsburg;Deutsch-Französisches Institut
DE-Rt3;SWB;EHLB;Ludwigsburg;Evangelische Hochschule Ludwigsburg
DE-Lg1;SWB;PHLB;Ludwigsburg;Pädagogische Hochschulbibliothek Ludwigsburg
DE-1116;HBZ;FHLU;Ludwigshafen;Hochschulbibliothek Ludwigshafen am Rhein
DE-Luen4;GBV;UBLUE;Lüneburg;Universitätsbibliothek Lüneburg
;;;Luzern;Bibliotheken der Hochschule Luzern
CH-000006-1;Kalliope;;Luzern;Zentral- und Hochschulbibliothek Luzern
DE-551;GBV;HBMST;Magdeburg;Hochschulbibliothek Magdeburg-Stendal
DE-Ma9;GBV;UBMD;Magdeburg;Universitätsbibliothek Magdeburg (einschl. Medizinische Zentralbibliothek)
DE-77;HeBIS;UBMZ;Mainz;Bibliothekssystem der Universität Mainz
DE-36;HeBIS;SBM;Mainz;Stadtbibliothek Mainz
DE-Mh35;SWB;BAMA;Mannheim;Bibliothek der Dualen Hochschule Baden-Württemberg Mannheim
DE-953;SWB;FHMA;Mannheim;Hochschulbibliothek Mannheim
DE-Mh39;SWB;IDS;Mannheim;Institut für Deutsche Sprache (IDS)
DE-1933;;PAK;Mannheim;Mediathek der Popakademie Baden-Württemberg,  Mannheim
DE-Mh31;SWB;MUHOM;Mannheim;Staatliche Hochschule für Musik und Darstellende Kunst Mannheim, Bibliothek
DE-180;SWB;UBMAN;Mannheim;Universitätsbibliothek Mannheim
DE-Mar1;SWB;DLA;Marbach;Deutsches Literaturarchiv Marbach
DE-4;HeBIS;UBMA;Marburg;Universität Marburg
DE-542;GBV;FHMQ;Merseburg;Hochschule Merseburg, Bibliothek
DE-Mit1;SWB;HTWM;Mittweida;Hochschulbibliothek Mittweida
DE-829;HBZ;HSNRH;Mönchengladbach;Hochschulbibliothek der Hochschule Niederrhein
DE-941;SWB;BAMOS;Mosbach;Duale Hochschule Baden-Württemberg
DE-1393;HBZ;HRWMB;Mülheim an der Ruhr;Bibliothek der Hochschule Ruhr West,  Mülheim/Ruhr und Bottrop
DE-M339;BVB;AHM;München;Amerika-Haus-Bibliothek
DE-12;BVB;BSB;München;Bayerische Staatsbibliothek München
DE-M347;BVB;FHM;München;Bibliothek der Hochschule München
DE-M352;BVB;IFZ;München;Bibliothek des Instituts für Zeitgeschichte
DE-1834;SWB;MHMK;München;Hochschule Macromedia University of Applied Sciences Bibliothek
DE-M29;BVB;HMTM;München;Hochschule für Musik und Theater München,  Bibliothek
DE-M477;;MPISR;München;Max-Planck-Institut für Sozialrecht und Sozialpolitik
DE-91;BVB;TUM;München;Technische Universität München Universitätsbibliothek
DE-706;BVB;UBWM;München;Universität der Bundeswehr München
DE-19;BVB;UBM;München;Universitätsbibliothek der LMU München
DE-255;BVB;ZIKG;München;Zentralinstitut für Kunstgeschichte, Bibliothek
DE-1840;;;Münster;Deutsche Hochschule der Polizei,  Münster
DE-836;HBZ;FHBMS;Münster;Fachhochschulbibliothek Münster
DE-6;HBZ;ULBMS;Münster;Universitäts- und Landesbibliothek Münster
DE-519;GBV;FHNB;Neubrandenburg;Hochschulbibliothek Neubrandenburg
DE-150;BVB;SBND;Neuburg an der Donau;Staatliche Bibliothek Neuburg an der Donau
DE-1049;BVB;FHBNU;Neu-Ulm;Hochschulbibliothek Neu-Ulm
DE-1052;BVB;EHS;Nürnberg;Bibliothek der Evangelischen Hochschule Nürnberg
DE-1259;BVB;HMN;Nürnberg;Bibliothek der Hochschule für Musik Nürnberg
DE-92;ÜLV;FHN;Nürnberg;Technische Hochschule Nürnberg Georg Simon Ohm Bibliothek
DE-950;SWB;HFWU;Nürtingen;Hochschulbibliothek der Hochschule für Wirtschaft und Umwelt Nürtingen-Geislingen
DE-Ofb1;SWB;FHBOG;Offenburg;Bibliothek der Hochschule Offenburg
DE-715;GBV;BISOL;Oldenburg;Bibliotheks- und Informationssystem der Universität Oldenburg
DE-45;GBV;LBO;Oldenburg;Landesbibliothek Oldenburg
DE-959;GBV;FHOS;Osnabrück;Hochschule Osnabrück, Bibliothek
DE-700;GBV;UBOS;Osnabrück;Universitätsbibliothek Osnabrück
DE-466;HBZ;UBPB;Paderborn;Universitätsbibliothek Paderborn
DE-739;BVB;UBPA;Passau;Universitätsbibliothek Passau
DE-951;SWB;;Pforzheim;Hochschulbibliothek Pforzheim
DE-Pl11;SWB;BAPL;Plauen;Bibliothek der Staatlichen Studienakademie
DE-Po82;GBV;ZZFPD;Potsdam;Bibliothek des Zentrums für Zeithistorische Forschung e.V.
DE-Po75;KOBV;HFFP;Potsdam;Filmuniversität Babelsberg Konrad Wolf
DE-525;KOBV;FHPO;Potsdam;Hochschulbibliothek der Fachhochschule Potsdam
DE-517;GBV;UBPO;Potsdam;Universitätsbibliothek Potsdam
DE-Rav1;SWB;BARV;Ravensburg;Bibliothek der Dualen Hochschule Ravensburg
DE-898;BVB;FHBR;Regensburg;Hochschulbibliothek Ostbayerische Technische Hochschule Regensburg
DE-155;BVB;STABI;Regensburg;Staatliche Bibliothek Regensburg
DE-355;BVB;UBR;Regensburg;Universitätsbibliothek Regensburg
DE-Rt2;SWB;FHRT;Reutlingen;Hochschule Reutlingen, Lernzentrum
DE-Rs1;SWB;BARIE;Riesa;Bibliothek der Staatlichen Studienakademie Riesa, BA Sachsen
DE-861;BVB;FHBRO;Rosenheim;Hochschulbibliothek Rosenheim
DE-563;GBV;HMTRO;Rostock;Hochschule für Musik und Theater Rostock
DE-R133;;;Rostock;Max-Planck-Institut für demographische Forschung
DE-28;GBV;UBRO;Rostock;Universitätsbibliothek Rostock
DE-Sa16;SWB;HTWS;Saarbrücken;Hochschule für Technik und Wirtschaft des Saarlandes / Bibliothek
DE-291;SWB;SULB;Saarbrücken;Saarländische Universitäts- und Landesbibliothek
;;FHSA;Salzburg;Fachhochschule Salzburg Bibliothek
AT-UBMS-HB;OBV;UBMS;Salzburg;Universitätsbibliothek Mozarteum Salzburg
AT-UBS-HB;OBV;UBSBG;Salzburg;Universitätsbibliothek Salzburg
DE-Shm2;BGV;FHSM;Schmalkalden;Hochschule Schmalkalden / Bibliothek
DE-984;SWB;HFGG;Schwäbisch Gmünd;Hochschulbibliothek der Hochschule für Gestaltung Schwäbisch Gmünd
DE-752;SWB;PHGD;Schwäbisch Gmünd;Pädagogische Hochschule Schwäbisch Gmünd, Bibliothek
DE-33;GBV;LBMV;Schwerin;Landesbibliothek Mecklenburg-Vorpommern Schwerin
DE-467;HBZ;UBSI;Siegen;Universitätsbibliothek Siegen
DE-Sp3;SWB;DHV;Speyer;Bibliothek der Deutschen Universität für Verwaltungswissenschaften Speyer
;;;St. Gallen;Bibliothek der Universität St.Gallen, HSG
;;;St. Gallen;PHSG, medienverbund.phsg
;;;St. Pölten;Fachhochschule St. Pölten
DE-Sra5;GBV;FHSTR;Stralsund;Hochschulbibliothek Stralsund
DE-Stg259;SWB;BAS;Stuttgart;Duale Hochschule Baden-Württemberg Stuttgart
DE-958;SWB;HDM;Stuttgart;Hochschule der Medien
DE-1033;SWB;HFTS;Stuttgart;Hochschule für Technik Stuttgart
DE-93;SWB;UBS;Stuttgart;Universitätsbibliothek Stuttgart
DE-100;SWB;UBHOH;Stuttgart;Kommunikations-  Informations- und Medienzentrum Hohenheim (KIM)
DE-24;SWB;WLB;Stuttgart;Württembergische Landesbibliothek Stuttgart
DE-Tr2;HBZ;BPS;Trier;Bibliothek des Bischöflichen Priesterseminars Trier
DE-Tr5;HBZ;FHTR;Trier;Hochschule Trier / Bibliothek
DE-385;HBZ;UBTR;Trier;Universitätsbibliothek Trier
DE-Trs1;SWB;MHTRO;Trossingen;Bibliothek der Staatlichen Hochschule für Musik Trossingen
DE-21;SWB;UBTUE;Tübingen;Universitätsbibliothek Tübingen
DE-943;SWB;FHUL;Ulm;Bibliothek der Hochschule Ulm
DE-289;SWB;UBU;Ulm;Universität Ulm / Kommunikations- und Informationszentrum (kiz)
DE-Va1;GBV;UBVE;Vechta;Universitätsbibliothek Vechta
DE-Vil2;SWB;BAVS;Villingen-Schwenningen;Duale Hochschule Baden-Württemberg
DE-1028;BVB;FHWEI;Weihenstephan;Bibliothek der Hochschule Weihenstephan-Triesdorf
DE-32;GBV;HAAB;Weimar;Herzogin Anna Amalia Bibliothek
DE-Wim2;GBV;UBBUW;Weimar;Universitätsbibliothek der Bauhaus-Universität Weimar
DE-747;SWB;HBW;Weingarten;Hochschule Ravensburg-Weingarten
s.o.;;;;Pädagogische Hochschule Weingarten
;;;Wels;FH Oberösterreich Studienbetriebs GmbH
DE-527;GBV;HSH;Wernigerode;Bibliothek der Hochschule Harz in Wernigerode und Halberstadt
AT-AKW;OBV;AKW;Wien;AK Bibliothek Wien für Sozialwissenschaften
;;;Wien;Fachhochschule Technikum Wien Bibliothek
;;;Wien;FernFH Bibliothek
;;;Wien;FH Campus Wien
;;;Wien;Institut für Höhere Studien (IHS) Wien
AT-OeNB;OBV;ONB;Wien;Österreichische Nationalbibliothek
AT-UBABW;OBV;UABK;Wien;Universitätsbibliothek der Akademie der bildenden Künste Wien
AT-UBTUW-HB;OBV;UBTUW;Wien;Universitätsbibliothek der Technischen Universität Wien
AT-UBAW;OBV;UBAKW;Wien;Universitätsbibliothek Universität für angewandte Kunst Wien
AT-UBW-002;OBV;UBWI;Wien;Universitätsbibliothek Wien
;;FHWN;Wiener Neustadt;Fachhochschule Wiener Neustadt für Wirtschaft und Technik
DE-1942;GBV;EBS;Wiesbaden;EBS Universität für Wirtschaft und Recht
DE-43;HeBIS;HLB;Wiesbaden/Rüsselsheim;Hochschul- und Landesbibliothek RheinMain
DE-526;KOBV;TFHW;Wildau;Technische Hochschule Wildau [FH ], Bibliothek
DE-839;GBV;FHWOE;Wilhelmshaven;Jade Hochschule Wilhelmshaven/Oldenburg/Elsfleth, Hochschulbibliothek
;;;Winterthur;ZHAW Hochschulbibliothek Winterthur/Zürich/Wädenswil
DE-Wis1;GBV;HSHWI;Wismar;Hochschulbibliothek Wismar
DE-23;GBV;HAB;Wolfenbüttel;Herzog August Bibliothek
DE-916;GBV;FHWF;Wolfenbüttel;Bibliothek der Ostfalia Hochschule für angewandte Wissenschaften
DE-1117;HBZ;FHWO;Worms;Hochschulbibliothek Worms
DE-Ba4;;THZW;Wuppertal;Hochschul- und Landeskirchenbibliothek Wuppertal
DE-468;HBZ;UBWUP;Wuppertal;Universitätsbibliothek Wuppertal
DE-20;BVB;UBW;Würzburg;Universitätsbibliothek Würzburg
DE-863;BVB;FHBWS;Würzburg-Schweinfurt;Hochschulbibliothek Würzburg-Schweinfurt
DE-Zi4;SWB;HZG;Zittau/Görlitz;Hochschulbibliothek der Hochschule Zittau/Görlitz
;;;Zollikofen;Bibliotheken EHB (Standorte Lausanne, Lugano und Zollikofen)
;;;Zürich;Interkantonale Hochschule für Heilpädagogik, Bibliothek Zürich
CH-000008-6;Kalliope;;Zürich;Universität Zürich / Zentralbibliothek Zürich
;;;Zürich;Zürcher Hochschule der Künste, Medien- und Informationszentrum MIZ
DE-1082;;FHKL;Zweibrücken;Hochschule Kaiserslautern, Hochschulbibliothek
DE-Zwi2;SWB;WHZ;Zwickau;Hochschulbibliothek der Westsächsischen Hochschule Zwickau
